{"cameraMode":{"drawMode":0,"name":"Shaded","section":"Shading Mode"},"sceneLighting":true,"audioPlay":false,"sceneViewState":{"m_AlwaysRefresh":false,"showFog":true,"showSkybox":true,"showFlares":true,"showImageEffects":true,"showParticleSystems":true,"showVisualEffectGraphs":true,"m_FxEnabled":true},"in2DMode":false,"pivot":{"x":-180.7535858154297,"y":-4.021761894226074,"z":93.00822448730469},"rotation":{"x":0.11990099400281906,"y":-0.04467003792524338,"z":0.005374238360673189,"w":0.9917787313461304},"size":27.687774658203126,"orthographic":false}